{
  "n_users": 138493,
  "n_movies": 15451,
  "n_ratings": 19964833,
  "min_user_interactions": 20,
  "min_movie_interactions": 10,
  "train_size": 13913837,
  "val_size": 2990956,
  "test_size": 3060040,
  "sparsity": 0.9906700081081135,
  "processing_date": "2026-03-23T21:03:25.345886"
}